{
    "Description" : {
        "Id" : "D181D0BCD0B5D188D0BDD18BD0B5-D0BAD0B0D180D182D0B8D0BDD0BAD0B8-D18FD189D0B5D180D0B8D186D0B0-D0B1D0BED",
        "Name" : "D181D0BCD0B5D188D0BDD18BD0B5-D0BAD0B0D180D182D0B8D0BDD0BAD0B8-D18FD189D0B5D180D0B8D186D0B0-D0B1D0BED",
        "Details" : "Random",
        "Icon" : "D181D0BCD0B5D188D0BDD18BD0B5-D0BAD0B0D180D182D0B8D0BDD0BAD0B8-D18FD189D0B5D180D0B8D186D0B0-D0B1D0BED"
    },
    "ID" : "D181D0BCD0B5D188D0BDD18BD0B5-D0BAD0B0D180D182D0B8D0BDD0BAD0B8-D18FD189D0B5D180D0B8D186D0B0-D0B1D0BED",
    "backgroundColor" : {
        "r" : 0,
        "g" : 0,
        "b" : 0,
        "a" : 0
    },
    "headMesh" : 0.5,
    "hairMesh" : 8,
    "beardMesh" : 0,
    "suitMesh" : 2,
    "scar" : 3,
    "lightRig" : 5,
    "cameraPosition" : 0,
    "complexionTex" : 3,
    "eyebrowTex" : 0,
    "tattooTex" : 4,
    "actualTattooTex" : 2,
    "weights" : [
        39.26408,
        7.749875,
        29.60266,
        17.75942,
        2.636527,
        2.987431
    ],
    "browOffsetY" : 0.0009468633,
    "browOffsetZ" : -0.002277893,
    "noseBridgeScale" : -0.1548805,
    "noseTipScale" : 0.03715521,
    "chinScale" : 0.08697014,
    "cheekOffsetY" : -0.001695954,
    "eyeWidth" : 0.0474376,
    "jawWidth" : -0.03643915,
    "animation" : 1,
    "isCommander" : true,
    "skinToneId" : "Skin_06",
    "eyeColorId" : "Eye_03",
    "hairRootId" : "Hair_02",
    "hairTipId" : "Hair_02",
    "tattooColorId" : "Tattoo_01",
    "lipColorId" : "Lip_01",
    "customPortraitSaveVersion" : 0
}
