{
    "Description" : {
        "Id" : "D181D0BCD0B5D188D0BDD18BD0B5-D0BAD0B0D180D182D0B8D0BDD0BAD0B8-D18FD189D0B5D180D0B8D186D0B0-D0B1D0BED",
        "Name" : "D181D0BCD0B5D188D0BDD18BD0B5-D0BAD0B0D180D182D0B8D0BDD0BAD0B8-D18FD189D0B5D180D0B8D186D0B0-D0B1D0BED",
        "Details" : "Random",
        "Icon" : "D181D0BCD0B5D188D0BDD18BD0B5-D0BAD0B0D180D182D0B8D0BDD0BAD0B8-D18FD189D0B5D180D0B8D186D0B0-D0B1D0BED"
    },
    "ID" : "D181D0BCD0B5D188D0BDD18BD0B5-D0BAD0B0D180D182D0B8D0BDD0BAD0B8-D18FD189D0B5D180D0B8D186D0B0-D0B1D0BED",
    "backgroundColor" : {
        "r" : 0,
        "g" : 0,
        "b" : 0,
        "a" : 0
    },
    "headMesh" : 0.5,
    "hairMesh" : 11,
    "beardMesh" : 0,
    "suitMesh" : 2,
    "scar" : 0,
    "lightRig" : 5,
    "cameraPosition" : 0,
    "complexionTex" : 4,
    "eyebrowTex" : 1,
    "tattooTex" : 0,
    "actualTattooTex" : 10,
    "weights" : [
        66.04099,
        7.260993,
        5.941707,
        20.46811,
        0.2733577,
        0.01483741
    ],
    "browOffsetY" : -0.005455475,
    "browOffsetZ" : -0.00194999,
    "noseBridgeScale" : 0.07622928,
    "noseTipScale" : -0.01468073,
    "chinScale" : -0.1414947,
    "cheekOffsetY" : 0.003175707,
    "eyeWidth" : -0.03700445,
    "jawWidth" : -0.09958027,
    "animation" : 4,
    "isCommander" : true,
    "skinToneId" : "Skin_04",
    "eyeColorId" : "Eye_02",
    "hairRootId" : "Hair_00",
    "hairTipId" : "Hair_00",
    "tattooColorId" : "Tattoo_04",
    "lipColorId" : "Lip_01",
    "customPortraitSaveVersion" : 0
}
