{
    "Description" : {
        "Id" : "D181D0BCD0B5D188D0BDD18BD0B5-D0BAD0B0D180D182D0B8D0BDD0BAD0B8-D18FD189D0B5D180D0B8D186D0B0-D0B1D0BED",
        "Name" : "D181D0BCD0B5D188D0BDD18BD0B5-D0BAD0B0D180D182D0B8D0BDD0BAD0B8-D18FD189D0B5D180D0B8D186D0B0-D0B1D0BED",
        "Details" : "Random",
        "Icon" : "D181D0BCD0B5D188D0BDD18BD0B5-D0BAD0B0D180D182D0B8D0BDD0BAD0B8-D18FD189D0B5D180D0B8D186D0B0-D0B1D0BED"
    },
    "ID" : "D181D0BCD0B5D188D0BDD18BD0B5-D0BAD0B0D180D182D0B8D0BDD0BAD0B8-D18FD189D0B5D180D0B8D186D0B0-D0B1D0BED",
    "backgroundColor" : {
        "r" : 0,
        "g" : 0,
        "b" : 0,
        "a" : 0
    },
    "headMesh" : 0.5,
    "hairMesh" : 2,
    "beardMesh" : 0,
    "suitMesh" : 2,
    "scar" : 10,
    "lightRig" : 0,
    "cameraPosition" : 0,
    "complexionTex" : 1,
    "eyebrowTex" : 3,
    "tattooTex" : 2,
    "actualTattooTex" : 0,
    "weights" : [
        41.78088,
        3.679914,
        4.643885,
        2.166928,
        11.89618,
        35.83221
    ],
    "browOffsetY" : -0.000189094,
    "browOffsetZ" : 0.004531144,
    "noseBridgeScale" : 0.1740976,
    "noseTipScale" : 0.144389,
    "chinScale" : -0.1441762,
    "cheekOffsetY" : 0.003906567,
    "eyeWidth" : 0.03281161,
    "jawWidth" : -0.03283376,
    "animation" : 1,
    "isCommander" : true,
    "skinToneId" : "Skin_06",
    "eyeColorId" : "Eye_00",
    "hairRootId" : "Hair_11",
    "hairTipId" : "Hair_11",
    "tattooColorId" : "Tattoo_02",
    "lipColorId" : "Lip_01",
    "customPortraitSaveVersion" : 0
}
