{
    "Description" : {
        "Id" : "D181D0BCD0B5D188D0BDD18BD0B5-D0BAD0B0D180D182D0B8D0BDD0BAD0B8-D18FD189D0B5D180D0B8D186D0B0-D0B1D0BED",
        "Name" : "D181D0BCD0B5D188D0BDD18BD0B5-D0BAD0B0D180D182D0B8D0BDD0BAD0B8-D18FD189D0B5D180D0B8D186D0B0-D0B1D0BED",
        "Details" : "Random",
        "Icon" : "D181D0BCD0B5D188D0BDD18BD0B5-D0BAD0B0D180D182D0B8D0BDD0BAD0B8-D18FD189D0B5D180D0B8D186D0B0-D0B1D0BED"
    },
    "ID" : "D181D0BCD0B5D188D0BDD18BD0B5-D0BAD0B0D180D182D0B8D0BDD0BAD0B8-D18FD189D0B5D180D0B8D186D0B0-D0B1D0BED",
    "backgroundColor" : {
        "r" : 0,
        "g" : 0,
        "b" : 0,
        "a" : 0
    },
    "headMesh" : 0.5,
    "hairMesh" : 0,
    "beardMesh" : 0,
    "suitMesh" : 0,
    "scar" : 0,
    "lightRig" : 3,
    "cameraPosition" : 3,
    "complexionTex" : 0,
    "eyebrowTex" : 1,
    "tattooTex" : 7,
    "actualTattooTex" : 13,
    "weights" : [
        57.06904,
        15.72332,
        0.2890068,
        1.267829,
        25.22144,
        0.429362
    ],
    "browOffsetY" : -0.003504082,
    "browOffsetZ" : 0.0004662532,
    "noseBridgeScale" : -0.14646,
    "noseTipScale" : 0.1559891,
    "chinScale" : -0.01528266,
    "cheekOffsetY" : -0.0008597893,
    "eyeWidth" : 0.04315305,
    "jawWidth" : 0.06960969,
    "animation" : 2,
    "isCommander" : true,
    "skinToneId" : "Skin_06",
    "eyeColorId" : "Eye_05",
    "hairRootId" : "Hair_11",
    "hairTipId" : "Hair_11",
    "tattooColorId" : "Tattoo_09",
    "lipColorId" : "Lip_01",
    "customPortraitSaveVersion" : 0
}
