{
    "Description" : {
        "Id" : "D181D0BCD0B5D188D0BDD18BD0B5-D0BAD0B0D180D182D0B8D0BDD0BAD0B8-D18FD189D0B5D180D0B8D186D0B0-D0B1D0BED",
        "Name" : "D181D0BCD0B5D188D0BDD18BD0B5-D0BAD0B0D180D182D0B8D0BDD0BAD0B8-D18FD189D0B5D180D0B8D186D0B0-D0B1D0BED",
        "Details" : "Random",
        "Icon" : "D181D0BCD0B5D188D0BDD18BD0B5-D0BAD0B0D180D182D0B8D0BDD0BAD0B8-D18FD189D0B5D180D0B8D186D0B0-D0B1D0BED"
    },
    "ID" : "D181D0BCD0B5D188D0BDD18BD0B5-D0BAD0B0D180D182D0B8D0BDD0BAD0B8-D18FD189D0B5D180D0B8D186D0B0-D0B1D0BED",
    "backgroundColor" : {
        "r" : 0,
        "g" : 0,
        "b" : 0,
        "a" : 0
    },
    "headMesh" : 0.5,
    "hairMesh" : 5,
    "beardMesh" : 0,
    "suitMesh" : 1,
    "scar" : 0,
    "lightRig" : 4,
    "cameraPosition" : 2,
    "complexionTex" : 2,
    "eyebrowTex" : 1,
    "tattooTex" : 3,
    "actualTattooTex" : 12,
    "weights" : [
        18.84313,
        38.56215,
        3.522225,
        5.796238,
        0.297002,
        32.97926
    ],
    "browOffsetY" : 0.001721247,
    "browOffsetZ" : -0.0007149454,
    "noseBridgeScale" : 0.1607215,
    "noseTipScale" : -0.1343841,
    "chinScale" : 0.07293791,
    "cheekOffsetY" : 0.0005696195,
    "eyeWidth" : 0.01199021,
    "jawWidth" : 0.09168625,
    "animation" : 0,
    "isCommander" : true,
    "skinToneId" : "Skin_07",
    "eyeColorId" : "Eye_07",
    "hairRootId" : "Hair_00",
    "hairTipId" : "Hair_00",
    "tattooColorId" : "Tattoo_07",
    "lipColorId" : "Lip_01",
    "customPortraitSaveVersion" : 0
}
